Product ID,Product
2,Chang
5,Chef Anton's Gumbo Mix
7,Uncle Bob's Organic Dried Pears
11,Queso Cabrales
12,Queso Manchego La Pastora
14,Tofu
16,Pavlova
17,Alice Mutton
20,Sir Rodney's Marmalade
21,Sir Rodney's Scones
22,Gustaf's Knäckebröd
24,Guaraná Fantástica
27,Schoggi Schokolade
29,Thüringer Rostbratwurst
30,Nord-Ost Matjeshering
31,Gorgonzola Telino
32,Mascarpone Fabioli
33,Geitost
35,Steeleye Stout
36,Inlagd Sill
37,Gravad lax
39,Chartreuse verte
40,Boston Crab Meat
41,Jack's New England Clam Chowder
42,Singaporean Hokkien Fried Mee
49,Maxilaku
51,Manjimup Dried Apples
53,Perth Pasties
55,Pâté chinois
56,Gnocchi di nonna Alice
57,Ravioli Angelo
59,Raclette Courdavault
60,Camembert Pierrot
62,Tarte au sucre
65,Louisiana Fiery Hot Pepper Sauce
70,Outback Lager
72,Mozzarella di Giovanni
74,Longlife Tofu
76,Lakkalikööri
77,Original Frankfurter grüne Soße
